d_date_sk,d_date_id,d_date,d_month_seq,d_week_seq,d_quarter_seq,d_year,d_dow,d_moy,d_dom,d_qoy,d_fy_year,d_fy_quarter_seq,d_fy_week_seq,d_day_name,d_quarter_name,d_holiday,d_weekend
1,D20200101,2020-01-01,1,0,1,2020,2,1,1,1,2020,1,0,Wednesday,Q1,N,N
2,D20200102,2020-01-02,1,0,1,2020,3,1,2,1,2020,1,0,Thursday,Q1,N,N
3,D20200103,2020-01-03,1,0,1,2020,4,1,3,1,2020,1,0,Friday,Q1,N,N
4,D20200104,2020-01-04,1,0,1,2020,5,1,4,1,2020,1,0,Saturday,Q1,Y,Y
5,D20200105,2020-01-05,1,0,1,2020,6,1,5,1,2020,1,0,Sunday,Q1,Y,Y
6,D20200106,2020-01-06,1,1,1,2020,0,1,6,1,2020,1,1,Monday,Q1,N,N
7,D20200107,2020-01-07,1,1,1,2020,1,1,7,1,2020,1,1,Tuesday,Q1,N,N
8,D20200108,2020-01-08,1,1,1,2020,2,1,8,1,2020,1,1,Wednesday,Q1,N,N
9,D20200109,2020-01-09,1,1,1,2020,3,1,9,1,2020,1,1,Thursday,Q1,N,N
10,D20200110,2020-01-10,1,1,1,2020,4,1,10,1,2020,1,1,Friday,Q1,N,N
11,D20200111,2020-01-11,1,1,1,2020,5,1,11,1,2020,1,1,Saturday,Q1,Y,Y
12,D20200112,2020-01-12,1,1,1,2020,6,1,12,1,2020,1,1,Sunday,Q1,Y,Y
13,D20200113,2020-01-13,1,2,1,2020,0,1,13,1,2020,1,2,Monday,Q1,N,N
14,D20200114,2020-01-14,1,2,1,2020,1,1,14,1,2020,1,2,Tuesday,Q1,N,N
15,D20200115,2020-01-15,1,2,1,2020,2,1,15,1,2020,1,2,Wednesday,Q1,N,N
16,D20200116,2020-01-16,1,2,1,2020,3,1,16,1,2020,1,2,Thursday,Q1,N,N
17,D20200117,2020-01-17,1,2,1,2020,4,1,17,1,2020,1,2,Friday,Q1,N,N
18,D20200118,2020-01-18,1,2,1,2020,5,1,18,1,2020,1,2,Saturday,Q1,Y,Y
19,D20200119,2020-01-19,1,2,1,2020,6,1,19,1,2020,1,2,Sunday,Q1,Y,Y
20,D20200120,2020-01-20,1,3,1,2020,0,1,20,1,2020,1,3,Monday,Q1,N,N
21,D20200121,2020-01-21,1,3,1,2020,1,1,21,1,2020,1,3,Tuesday,Q1,N,N
22,D20200122,2020-01-22,1,3,1,2020,2,1,22,1,2020,1,3,Wednesday,Q1,N,N
23,D20200123,2020-01-23,1,3,1,2020,3,1,23,1,2020,1,3,Thursday,Q1,N,N
24,D20200124,2020-01-24,1,3,1,2020,4,1,24,1,2020,1,3,Friday,Q1,N,N
25,D20200125,2020-01-25,1,3,1,2020,5,1,25,1,2020,1,3,Saturday,Q1,Y,Y
26,D20200126,2020-01-26,1,3,1,2020,6,1,26,1,2020,1,3,Sunday,Q1,Y,Y
27,D20200127,2020-01-27,1,4,1,2020,0,1,27,1,2020,1,4,Monday,Q1,N,N
28,D20200128,2020-01-28,1,4,1,2020,1,1,28,1,2020,1,4,Tuesday,Q1,N,N
29,D20200129,2020-01-29,1,4,1,2020,2,1,29,1,2020,1,4,Wednesday,Q1,N,N
30,D20200130,2020-01-30,1,4,1,2020,3,1,30,1,2020,1,4,Thursday,Q1,N,N
31,D20200131,2020-01-31,1,4,1,2020,4,1,31,1,2020,1,4,Friday,Q1,N,N
32,D20200201,2020-02-01,2,4,1,2020,5,2,1,1,2020,1,4,Saturday,Q1,Y,Y
33,D20200202,2020-02-02,2,4,1,2020,6,2,2,1,2020,1,4,Sunday,Q1,Y,Y
34,D20200203,2020-02-03,2,5,1,2020,0,2,3,1,2020,1,5,Monday,Q1,N,N
35,D20200204,2020-02-04,2,5,1,2020,1,2,4,1,2020,1,5,Tuesday,Q1,N,N
36,D20200205,2020-02-05,2,5,1,2020,2,2,5,1,2020,1,5,Wednesday,Q1,N,N
37,D20200206,2020-02-06,2,5,1,2020,3,2,6,1,2020,1,5,Thursday,Q1,N,N
38,D20200207,2020-02-07,2,5,1,2020,4,2,7,1,2020,1,5,Friday,Q1,N,N
39,D20200208,2020-02-08,2,5,1,2020,5,2,8,1,2020,1,5,Saturday,Q1,Y,Y
40,D20200209,2020-02-09,2,5,1,2020,6,2,9,1,2020,1,5,Sunday,Q1,Y,Y
41,D20200210,2020-02-10,2,6,1,2020,0,2,10,1,2020,1,6,Monday,Q1,N,N
42,D20200211,2020-02-11,2,6,1,2020,1,2,11,1,2020,1,6,Tuesday,Q1,N,N
43,D20200212,2020-02-12,2,6,1,2020,2,2,12,1,2020,1,6,Wednesday,Q1,N,N
44,D20200213,2020-02-13,2,6,1,2020,3,2,13,1,2020,1,6,Thursday,Q1,N,N
45,D20200214,2020-02-14,2,6,1,2020,4,2,14,1,2020,1,6,Friday,Q1,N,N
46,D20200215,2020-02-15,2,6,1,2020,5,2,15,1,2020,1,6,Saturday,Q1,Y,Y
47,D20200216,2020-02-16,2,6,1,2020,6,2,16,1,2020,1,6,Sunday,Q1,Y,Y
48,D20200217,2020-02-17,2,7,1,2020,0,2,17,1,2020,1,7,Monday,Q1,N,N
49,D20200218,2020-02-18,2,7,1,2020,1,2,18,1,2020,1,7,Tuesday,Q1,N,N
50,D20200219,2020-02-19,2,7,1,2020,2,2,19,1,2020,1,7,Wednesday,Q1,N,N
51,D20200220,2020-02-20,2,7,1,2020,3,2,20,1,2020,1,7,Thursday,Q1,N,N
52,D20200221,2020-02-21,2,7,1,2020,4,2,21,1,2020,1,7,Friday,Q1,N,N
53,D20200222,2020-02-22,2,7,1,2020,5,2,22,1,2020,1,7,Saturday,Q1,Y,Y
54,D20200223,2020-02-23,2,7,1,2020,6,2,23,1,2020,1,7,Sunday,Q1,Y,Y
55,D20200224,2020-02-24,2,8,1,2020,0,2,24,1,2020,1,8,Monday,Q1,N,N
56,D20200225,2020-02-25,2,8,1,2020,1,2,25,1,2020,1,8,Tuesday,Q1,N,N
57,D20200226,2020-02-26,2,8,1,2020,2,2,26,1,2020,1,8,Wednesday,Q1,N,N
58,D20200227,2020-02-27,2,8,1,2020,3,2,27,1,2020,1,8,Thursday,Q1,N,N
59,D20200228,2020-02-28,2,8,1,2020,4,2,28,1,2020,1,8,Friday,Q1,N,N
60,D20200229,2020-02-29,2,8,1,2020,5,2,29,1,2020,1,8,Saturday,Q1,Y,Y
61,D20200301,2020-03-01,3,8,1,2020,6,3,1,1,2020,1,8,Sunday,Q1,Y,Y
62,D20200302,2020-03-02,3,9,1,2020,0,3,2,1,2020,1,9,Monday,Q1,N,N
63,D20200303,2020-03-03,3,9,1,2020,1,3,3,1,2020,1,9,Tuesday,Q1,N,N
64,D20200304,2020-03-04,3,9,1,2020,2,3,4,1,2020,1,9,Wednesday,Q1,N,N
65,D20200305,2020-03-05,3,9,1,2020,3,3,5,1,2020,1,9,Thursday,Q1,N,N
66,D20200306,2020-03-06,3,9,1,2020,4,3,6,1,2020,1,9,Friday,Q1,N,N
67,D20200307,2020-03-07,3,9,1,2020,5,3,7,1,2020,1,9,Saturday,Q1,Y,Y
68,D20200308,2020-03-08,3,9,1,2020,6,3,8,1,2020,1,9,Sunday,Q1,Y,Y
69,D20200309,2020-03-09,3,10,1,2020,0,3,9,1,2020,1,10,Monday,Q1,N,N
70,D20200310,2020-03-10,3,10,1,2020,1,3,10,1,2020,1,10,Tuesday,Q1,N,N
71,D20200311,2020-03-11,3,10,1,2020,2,3,11,1,2020,1,10,Wednesday,Q1,N,N
72,D20200312,2020-03-12,3,10,1,2020,3,3,12,1,2020,1,10,Thursday,Q1,N,N
73,D20200313,2020-03-13,3,10,1,2020,4,3,13,1,2020,1,10,Friday,Q1,N,N
74,D20200314,2020-03-14,3,10,1,2020,5,3,14,1,2020,1,10,Saturday,Q1,Y,Y
75,D20200315,2020-03-15,3,10,1,2020,6,3,15,1,2020,1,10,Sunday,Q1,Y,Y
76,D20200316,2020-03-16,3,11,1,2020,0,3,16,1,2020,1,11,Monday,Q1,N,N
77,D20200317,2020-03-17,3,11,1,2020,1,3,17,1,2020,1,11,Tuesday,Q1,N,N
78,D20200318,2020-03-18,3,11,1,2020,2,3,18,1,2020,1,11,Wednesday,Q1,N,N
79,D20200319,2020-03-19,3,11,1,2020,3,3,19,1,2020,1,11,Thursday,Q1,N,N
80,D20200320,2020-03-20,3,11,1,2020,4,3,20,1,2020,1,11,Friday,Q1,N,N
81,D20200321,2020-03-21,3,11,1,2020,5,3,21,1,2020,1,11,Saturday,Q1,Y,Y
82,D20200322,2020-03-22,3,11,1,2020,6,3,22,1,2020,1,11,Sunday,Q1,Y,Y
83,D20200323,2020-03-23,3,12,1,2020,0,3,23,1,2020,1,12,Monday,Q1,N,N
84,D20200324,2020-03-24,3,12,1,2020,1,3,24,1,2020,1,12,Tuesday,Q1,N,N
85,D20200325,2020-03-25,3,12,1,2020,2,3,25,1,2020,1,12,Wednesday,Q1,N,N
86,D20200326,2020-03-26,3,12,1,2020,3,3,26,1,2020,1,12,Thursday,Q1,N,N
87,D20200327,2020-03-27,3,12,1,2020,4,3,27,1,2020,1,12,Friday,Q1,N,N
88,D20200328,2020-03-28,3,12,1,2020,5,3,28,1,2020,1,12,Saturday,Q1,Y,Y
89,D20200329,2020-03-29,3,12,1,2020,6,3,29,1,2020,1,12,Sunday,Q1,Y,Y
90,D20200330,2020-03-30,3,13,1,2020,0,3,30,1,2020,1,13,Monday,Q1,N,N
91,D20200331,2020-03-31,3,13,1,2020,1,3,31,1,2020,1,13,Tuesday,Q1,N,N
92,D20200401,2020-04-01,4,13,2,2020,2,4,1,2,2020,2,13,Wednesday,Q2,N,N
93,D20200402,2020-04-02,4,13,2,2020,3,4,2,2,2020,2,13,Thursday,Q2,N,N
94,D20200403,2020-04-03,4,13,2,2020,4,4,3,2,2020,2,13,Friday,Q2,N,N
95,D20200404,2020-04-04,4,13,2,2020,5,4,4,2,2020,2,13,Saturday,Q2,Y,Y
96,D20200405,2020-04-05,4,13,2,2020,6,4,5,2,2020,2,13,Sunday,Q2,Y,Y
97,D20200406,2020-04-06,4,14,2,2020,0,4,6,2,2020,2,14,Monday,Q2,N,N
98,D20200407,2020-04-07,4,14,2,2020,1,4,7,2,2020,2,14,Tuesday,Q2,N,N
99,D20200408,2020-04-08,4,14,2,2020,2,4,8,2,2020,2,14,Wednesday,Q2,N,N
100,D20200409,2020-04-09,4,14,2,2020,3,4,9,2,2020,2,14,Thursday,Q2,N,N
101,D20200410,2020-04-10,4,14,2,2020,4,4,10,2,2020,2,14,Friday,Q2,N,N
102,D20200411,2020-04-11,4,14,2,2020,5,4,11,2,2020,2,14,Saturday,Q2,Y,Y
103,D20200412,2020-04-12,4,14,2,2020,6,4,12,2,2020,2,14,Sunday,Q2,Y,Y
104,D20200413,2020-04-13,4,15,2,2020,0,4,13,2,2020,2,15,Monday,Q2,N,N
105,D20200414,2020-04-14,4,15,2,2020,1,4,14,2,2020,2,15,Tuesday,Q2,N,N
106,D20200415,2020-04-15,4,15,2,2020,2,4,15,2,2020,2,15,Wednesday,Q2,N,N
107,D20200416,2020-04-16,4,15,2,2020,3,4,16,2,2020,2,15,Thursday,Q2,N,N
108,D20200417,2020-04-17,4,15,2,2020,4,4,17,2,2020,2,15,Friday,Q2,N,N
109,D20200418,2020-04-18,4,15,2,2020,5,4,18,2,2020,2,15,Saturday,Q2,Y,Y
110,D20200419,2020-04-19,4,15,2,2020,6,4,19,2,2020,2,15,Sunday,Q2,Y,Y
111,D20200420,2020-04-20,4,16,2,2020,0,4,20,2,2020,2,16,Monday,Q2,N,N
112,D20200421,2020-04-21,4,16,2,2020,1,4,21,2,2020,2,16,Tuesday,Q2,N,N
113,D20200422,2020-04-22,4,16,2,2020,2,4,22,2,2020,2,16,Wednesday,Q2,N,N
114,D20200423,2020-04-23,4,16,2,2020,3,4,23,2,2020,2,16,Thursday,Q2,N,N
115,D20200424,2020-04-24,4,16,2,2020,4,4,24,2,2020,2,16,Friday,Q2,N,N
116,D20200425,2020-04-25,4,16,2,2020,5,4,25,2,2020,2,16,Saturday,Q2,Y,Y
117,D20200426,2020-04-26,4,16,2,2020,6,4,26,2,2020,2,16,Sunday,Q2,Y,Y
118,D20200427,2020-04-27,4,17,2,2020,0,4,27,2,2020,2,17,Monday,Q2,N,N
119,D20200428,2020-04-28,4,17,2,2020,1,4,28,2,2020,2,17,Tuesday,Q2,N,N
120,D20200429,2020-04-29,4,17,2,2020,2,4,29,2,2020,2,17,Wednesday,Q2,N,N
121,D20200430,2020-04-30,4,17,2,2020,3,4,30,2,2020,2,17,Thursday,Q2,N,N
122,D20200501,2020-05-01,5,17,2,2020,4,5,1,2,2020,2,17,Friday,Q2,N,N
123,D20200502,2020-05-02,5,17,2,2020,5,5,2,2,2020,2,17,Saturday,Q2,Y,Y
124,D20200503,2020-05-03,5,17,2,2020,6,5,3,2,2020,2,17,Sunday,Q2,Y,Y
125,D20200504,2020-05-04,5,18,2,2020,0,5,4,2,2020,2,18,Monday,Q2,N,N
126,D20200505,2020-05-05,5,18,2,2020,1,5,5,2,2020,2,18,Tuesday,Q2,N,N
127,D20200506,2020-05-06,5,18,2,2020,2,5,6,2,2020,2,18,Wednesday,Q2,N,N
128,D20200507,2020-05-07,5,18,2,2020,3,5,7,2,2020,2,18,Thursday,Q2,N,N
129,D20200508,2020-05-08,5,18,2,2020,4,5,8,2,2020,2,18,Friday,Q2,N,N
130,D20200509,2020-05-09,5,18,2,2020,5,5,9,2,2020,2,18,Saturday,Q2,Y,Y
131,D20200510,2020-05-10,5,18,2,2020,6,5,10,2,2020,2,18,Sunday,Q2,Y,Y
132,D20200511,2020-05-11,5,19,2,2020,0,5,11,2,2020,2,19,Monday,Q2,N,N
133,D20200512,2020-05-12,5,19,2,2020,1,5,12,2,2020,2,19,Tuesday,Q2,N,N
134,D20200513,2020-05-13,5,19,2,2020,2,5,13,2,2020,2,19,Wednesday,Q2,N,N
135,D20200514,2020-05-14,5,19,2,2020,3,5,14,2,2020,2,19,Thursday,Q2,N,N
136,D20200515,2020-05-15,5,19,2,2020,4,5,15,2,2020,2,19,Friday,Q2,N,N
137,D20200516,2020-05-16,5,19,2,2020,5,5,16,2,2020,2,19,Saturday,Q2,Y,Y
138,D20200517,2020-05-17,5,19,2,2020,6,5,17,2,2020,2,19,Sunday,Q2,Y,Y
139,D20200518,2020-05-18,5,20,2,2020,0,5,18,2,2020,2,20,Monday,Q2,N,N
140,D20200519,2020-05-19,5,20,2,2020,1,5,19,2,2020,2,20,Tuesday,Q2,N,N
141,D20200520,2020-05-20,5,20,2,2020,2,5,20,2,2020,2,20,Wednesday,Q2,N,N
142,D20200521,2020-05-21,5,20,2,2020,3,5,21,2,2020,2,20,Thursday,Q2,N,N
143,D20200522,2020-05-22,5,20,2,2020,4,5,22,2,2020,2,20,Friday,Q2,N,N
144,D20200523,2020-05-23,5,20,2,2020,5,5,23,2,2020,2,20,Saturday,Q2,Y,Y
145,D20200524,2020-05-24,5,20,2,2020,6,5,24,2,2020,2,20,Sunday,Q2,Y,Y
146,D20200525,2020-05-25,5,21,2,2020,0,5,25,2,2020,2,21,Monday,Q2,N,N
147,D20200526,2020-05-26,5,21,2,2020,1,5,26,2,2020,2,21,Tuesday,Q2,N,N
148,D20200527,2020-05-27,5,21,2,2020,2,5,27,2,2020,2,21,Wednesday,Q2,N,N
149,D20200528,2020-05-28,5,21,2,2020,3,5,28,2,2020,2,21,Thursday,Q2,N,N
150,D20200529,2020-05-29,5,21,2,2020,4,5,29,2,2020,2,21,Friday,Q2,N,N
151,D20200530,2020-05-30,5,21,2,2020,5,5,30,2,2020,2,21,Saturday,Q2,Y,Y
152,D20200531,2020-05-31,5,21,2,2020,6,5,31,2,2020,2,21,Sunday,Q2,Y,Y
153,D20200601,2020-06-01,6,22,2,2020,0,6,1,2,2020,2,22,Monday,Q2,N,N
154,D20200602,2020-06-02,6,22,2,2020,1,6,2,2,2020,2,22,Tuesday,Q2,N,N
155,D20200603,2020-06-03,6,22,2,2020,2,6,3,2,2020,2,22,Wednesday,Q2,N,N
156,D20200604,2020-06-04,6,22,2,2020,3,6,4,2,2020,2,22,Thursday,Q2,N,N
157,D20200605,2020-06-05,6,22,2,2020,4,6,5,2,2020,2,22,Friday,Q2,N,N
158,D20200606,2020-06-06,6,22,2,2020,5,6,6,2,2020,2,22,Saturday,Q2,Y,Y
159,D20200607,2020-06-07,6,22,2,2020,6,6,7,2,2020,2,22,Sunday,Q2,Y,Y
160,D20200608,2020-06-08,6,23,2,2020,0,6,8,2,2020,2,23,Monday,Q2,N,N
161,D20200609,2020-06-09,6,23,2,2020,1,6,9,2,2020,2,23,Tuesday,Q2,N,N
162,D20200610,2020-06-10,6,23,2,2020,2,6,10,2,2020,2,23,Wednesday,Q2,N,N
163,D20200611,2020-06-11,6,23,2,2020,3,6,11,2,2020,2,23,Thursday,Q2,N,N
164,D20200612,2020-06-12,6,23,2,2020,4,6,12,2,2020,2,23,Friday,Q2,N,N
165,D20200613,2020-06-13,6,23,2,2020,5,6,13,2,2020,2,23,Saturday,Q2,Y,Y
166,D20200614,2020-06-14,6,23,2,2020,6,6,14,2,2020,2,23,Sunday,Q2,Y,Y
167,D20200615,2020-06-15,6,24,2,2020,0,6,15,2,2020,2,24,Monday,Q2,N,N
168,D20200616,2020-06-16,6,24,2,2020,1,6,16,2,2020,2,24,Tuesday,Q2,N,N
169,D20200617,2020-06-17,6,24,2,2020,2,6,17,2,2020,2,24,Wednesday,Q2,N,N
170,D20200618,2020-06-18,6,24,2,2020,3,6,18,2,2020,2,24,Thursday,Q2,N,N
171,D20200619,2020-06-19,6,24,2,2020,4,6,19,2,2020,2,24,Friday,Q2,N,N
172,D20200620,2020-06-20,6,24,2,2020,5,6,20,2,2020,2,24,Saturday,Q2,Y,Y
173,D20200621,2020-06-21,6,24,2,2020,6,6,21,2,2020,2,24,Sunday,Q2,Y,Y
174,D20200622,2020-06-22,6,25,2,2020,0,6,22,2,2020,2,25,Monday,Q2,N,N
175,D20200623,2020-06-23,6,25,2,2020,1,6,23,2,2020,2,25,Tuesday,Q2,N,N
176,D20200624,2020-06-24,6,25,2,2020,2,6,24,2,2020,2,25,Wednesday,Q2,N,N
177,D20200625,2020-06-25,6,25,2,2020,3,6,25,2,2020,2,25,Thursday,Q2,N,N
178,D20200626,2020-06-26,6,25,2,2020,4,6,26,2,2020,2,25,Friday,Q2,N,N
179,D20200627,2020-06-27,6,25,2,2020,5,6,27,2,2020,2,25,Saturday,Q2,Y,Y
180,D20200628,2020-06-28,6,25,2,2020,6,6,28,2,2020,2,25,Sunday,Q2,Y,Y
181,D20200629,2020-06-29,6,26,2,2020,0,6,29,2,2020,2,26,Monday,Q2,N,N
182,D20200630,2020-06-30,6,26,2,2020,1,6,30,2,2020,2,26,Tuesday,Q2,N,N
183,D20200701,2020-07-01,7,26,3,2020,2,7,1,3,2020,3,26,Wednesday,Q3,N,N
184,D20200702,2020-07-02,7,26,3,2020,3,7,2,3,2020,3,26,Thursday,Q3,N,N
185,D20200703,2020-07-03,7,26,3,2020,4,7,3,3,2020,3,26,Friday,Q3,N,N
186,D20200704,2020-07-04,7,26,3,2020,5,7,4,3,2020,3,26,Saturday,Q3,Y,Y
187,D20200705,2020-07-05,7,26,3,2020,6,7,5,3,2020,3,26,Sunday,Q3,Y,Y
188,D20200706,2020-07-06,7,27,3,2020,0,7,6,3,2020,3,27,Monday,Q3,N,N
189,D20200707,2020-07-07,7,27,3,2020,1,7,7,3,2020,3,27,Tuesday,Q3,N,N
190,D20200708,2020-07-08,7,27,3,2020,2,7,8,3,2020,3,27,Wednesday,Q3,N,N
191,D20200709,2020-07-09,7,27,3,2020,3,7,9,3,2020,3,27,Thursday,Q3,N,N
192,D20200710,2020-07-10,7,27,3,2020,4,7,10,3,2020,3,27,Friday,Q3,N,N
193,D20200711,2020-07-11,7,27,3,2020,5,7,11,3,2020,3,27,Saturday,Q3,Y,Y
194,D20200712,2020-07-12,7,27,3,2020,6,7,12,3,2020,3,27,Sunday,Q3,Y,Y
195,D20200713,2020-07-13,7,28,3,2020,0,7,13,3,2020,3,28,Monday,Q3,N,N
196,D20200714,2020-07-14,7,28,3,2020,1,7,14,3,2020,3,28,Tuesday,Q3,N,N
197,D20200715,2020-07-15,7,28,3,2020,2,7,15,3,2020,3,28,Wednesday,Q3,N,N
198,D20200716,2020-07-16,7,28,3,2020,3,7,16,3,2020,3,28,Thursday,Q3,N,N
199,D20200717,2020-07-17,7,28,3,2020,4,7,17,3,2020,3,28,Friday,Q3,N,N
200,D20200718,2020-07-18,7,28,3,2020,5,7,18,3,2020,3,28,Saturday,Q3,Y,Y
201,D20200719,2020-07-19,7,28,3,2020,6,7,19,3,2020,3,28,Sunday,Q3,Y,Y
202,D20200720,2020-07-20,7,29,3,2020,0,7,20,3,2020,3,29,Monday,Q3,N,N
203,D20200721,2020-07-21,7,29,3,2020,1,7,21,3,2020,3,29,Tuesday,Q3,N,N
204,D20200722,2020-07-22,7,29,3,2020,2,7,22,3,2020,3,29,Wednesday,Q3,N,N
205,D20200723,2020-07-23,7,29,3,2020,3,7,23,3,2020,3,29,Thursday,Q3,N,N
206,D20200724,2020-07-24,7,29,3,2020,4,7,24,3,2020,3,29,Friday,Q3,N,N
207,D20200725,2020-07-25,7,29,3,2020,5,7,25,3,2020,3,29,Saturday,Q3,Y,Y
208,D20200726,2020-07-26,7,29,3,2020,6,7,26,3,2020,3,29,Sunday,Q3,Y,Y
209,D20200727,2020-07-27,7,30,3,2020,0,7,27,3,2020,3,30,Monday,Q3,N,N
210,D20200728,2020-07-28,7,30,3,2020,1,7,28,3,2020,3,30,Tuesday,Q3,N,N
211,D20200729,2020-07-29,7,30,3,2020,2,7,29,3,2020,3,30,Wednesday,Q3,N,N
212,D20200730,2020-07-30,7,30,3,2020,3,7,30,3,2020,3,30,Thursday,Q3,N,N
213,D20200731,2020-07-31,7,30,3,2020,4,7,31,3,2020,3,30,Friday,Q3,N,N
214,D20200801,2020-08-01,8,30,3,2020,5,8,1,3,2020,3,30,Saturday,Q3,Y,Y
215,D20200802,2020-08-02,8,30,3,2020,6,8,2,3,2020,3,30,Sunday,Q3,Y,Y
216,D20200803,2020-08-03,8,31,3,2020,0,8,3,3,2020,3,31,Monday,Q3,N,N
217,D20200804,2020-08-04,8,31,3,2020,1,8,4,3,2020,3,31,Tuesday,Q3,N,N
218,D20200805,2020-08-05,8,31,3,2020,2,8,5,3,2020,3,31,Wednesday,Q3,N,N
219,D20200806,2020-08-06,8,31,3,2020,3,8,6,3,2020,3,31,Thursday,Q3,N,N
220,D20200807,2020-08-07,8,31,3,2020,4,8,7,3,2020,3,31,Friday,Q3,N,N
221,D20200808,2020-08-08,8,31,3,2020,5,8,8,3,2020,3,31,Saturday,Q3,Y,Y
222,D20200809,2020-08-09,8,31,3,2020,6,8,9,3,2020,3,31,Sunday,Q3,Y,Y
223,D20200810,2020-08-10,8,32,3,2020,0,8,10,3,2020,3,32,Monday,Q3,N,N
224,D20200811,2020-08-11,8,32,3,2020,1,8,11,3,2020,3,32,Tuesday,Q3,N,N
225,D20200812,2020-08-12,8,32,3,2020,2,8,12,3,2020,3,32,Wednesday,Q3,N,N
226,D20200813,2020-08-13,8,32,3,2020,3,8,13,3,2020,3,32,Thursday,Q3,N,N
227,D20200814,2020-08-14,8,32,3,2020,4,8,14,3,2020,3,32,Friday,Q3,N,N
228,D20200815,2020-08-15,8,32,3,2020,5,8,15,3,2020,3,32,Saturday,Q3,Y,Y
229,D20200816,2020-08-16,8,32,3,2020,6,8,16,3,2020,3,32,Sunday,Q3,Y,Y
230,D20200817,2020-08-17,8,33,3,2020,0,8,17,3,2020,3,33,Monday,Q3,N,N
231,D20200818,2020-08-18,8,33,3,2020,1,8,18,3,2020,3,33,Tuesday,Q3,N,N
232,D20200819,2020-08-19,8,33,3,2020,2,8,19,3,2020,3,33,Wednesday,Q3,N,N
233,D20200820,2020-08-20,8,33,3,2020,3,8,20,3,2020,3,33,Thursday,Q3,N,N
234,D20200821,2020-08-21,8,33,3,2020,4,8,21,3,2020,3,33,Friday,Q3,N,N
235,D20200822,2020-08-22,8,33,3,2020,5,8,22,3,2020,3,33,Saturday,Q3,Y,Y
236,D20200823,2020-08-23,8,33,3,2020,6,8,23,3,2020,3,33,Sunday,Q3,Y,Y
237,D20200824,2020-08-24,8,34,3,2020,0,8,24,3,2020,3,34,Monday,Q3,N,N
238,D20200825,2020-08-25,8,34,3,2020,1,8,25,3,2020,3,34,Tuesday,Q3,N,N
239,D20200826,2020-08-26,8,34,3,2020,2,8,26,3,2020,3,34,Wednesday,Q3,N,N
240,D20200827,2020-08-27,8,34,3,2020,3,8,27,3,2020,3,34,Thursday,Q3,N,N
241,D20200828,2020-08-28,8,34,3,2020,4,8,28,3,2020,3,34,Friday,Q3,N,N
242,D20200829,2020-08-29,8,34,3,2020,5,8,29,3,2020,3,34,Saturday,Q3,Y,Y
243,D20200830,2020-08-30,8,34,3,2020,6,8,30,3,2020,3,34,Sunday,Q3,Y,Y
244,D20200831,2020-08-31,8,35,3,2020,0,8,31,3,2020,3,35,Monday,Q3,N,N
245,D20200901,2020-09-01,9,35,3,2020,1,9,1,3,2020,3,35,Tuesday,Q3,N,N
246,D20200902,2020-09-02,9,35,3,2020,2,9,2,3,2020,3,35,Wednesday,Q3,N,N
247,D20200903,2020-09-03,9,35,3,2020,3,9,3,3,2020,3,35,Thursday,Q3,N,N
248,D20200904,2020-09-04,9,35,3,2020,4,9,4,3,2020,3,35,Friday,Q3,N,N
249,D20200905,2020-09-05,9,35,3,2020,5,9,5,3,2020,3,35,Saturday,Q3,Y,Y
250,D20200906,2020-09-06,9,35,3,2020,6,9,6,3,2020,3,35,Sunday,Q3,Y,Y
251,D20200907,2020-09-07,9,36,3,2020,0,9,7,3,2020,3,36,Monday,Q3,N,N
252,D20200908,2020-09-08,9,36,3,2020,1,9,8,3,2020,3,36,Tuesday,Q3,N,N
253,D20200909,2020-09-09,9,36,3,2020,2,9,9,3,2020,3,36,Wednesday,Q3,N,N
254,D20200910,2020-09-10,9,36,3,2020,3,9,10,3,2020,3,36,Thursday,Q3,N,N
255,D20200911,2020-09-11,9,36,3,2020,4,9,11,3,2020,3,36,Friday,Q3,N,N
256,D20200912,2020-09-12,9,36,3,2020,5,9,12,3,2020,3,36,Saturday,Q3,Y,Y
257,D20200913,2020-09-13,9,36,3,2020,6,9,13,3,2020,3,36,Sunday,Q3,Y,Y
258,D20200914,2020-09-14,9,37,3,2020,0,9,14,3,2020,3,37,Monday,Q3,N,N
259,D20200915,2020-09-15,9,37,3,2020,1,9,15,3,2020,3,37,Tuesday,Q3,N,N
260,D20200916,2020-09-16,9,37,3,2020,2,9,16,3,2020,3,37,Wednesday,Q3,N,N
261,D20200917,2020-09-17,9,37,3,2020,3,9,17,3,2020,3,37,Thursday,Q3,N,N
262,D20200918,2020-09-18,9,37,3,2020,4,9,18,3,2020,3,37,Friday,Q3,N,N
263,D20200919,2020-09-19,9,37,3,2020,5,9,19,3,2020,3,37,Saturday,Q3,Y,Y
264,D20200920,2020-09-20,9,37,3,2020,6,9,20,3,2020,3,37,Sunday,Q3,Y,Y
265,D20200921,2020-09-21,9,38,3,2020,0,9,21,3,2020,3,38,Monday,Q3,N,N
266,D20200922,2020-09-22,9,38,3,2020,1,9,22,3,2020,3,38,Tuesday,Q3,N,N
267,D20200923,2020-09-23,9,38,3,2020,2,9,23,3,2020,3,38,Wednesday,Q3,N,N
268,D20200924,2020-09-24,9,38,3,2020,3,9,24,3,2020,3,38,Thursday,Q3,N,N
269,D20200925,2020-09-25,9,38,3,2020,4,9,25,3,2020,3,38,Friday,Q3,N,N
270,D20200926,2020-09-26,9,38,3,2020,5,9,26,3,2020,3,38,Saturday,Q3,Y,Y
271,D20200927,2020-09-27,9,38,3,2020,6,9,27,3,2020,3,38,Sunday,Q3,Y,Y
272,D20200928,2020-09-28,9,39,3,2020,0,9,28,3,2020,3,39,Monday,Q3,N,N
273,D20200929,2020-09-29,9,39,3,2020,1,9,29,3,2020,3,39,Tuesday,Q3,N,N
274,D20200930,2020-09-30,9,39,3,2020,2,9,30,3,2020,3,39,Wednesday,Q3,N,N
275,D20201001,2020-10-01,10,39,4,2020,3,10,1,4,2020,4,39,Thursday,Q4,N,N
276,D20201002,2020-10-02,10,39,4,2020,4,10,2,4,2020,4,39,Friday,Q4,N,N
277,D20201003,2020-10-03,10,39,4,2020,5,10,3,4,2020,4,39,Saturday,Q4,Y,Y
278,D20201004,2020-10-04,10,39,4,2020,6,10,4,4,2020,4,39,Sunday,Q4,Y,Y
279,D20201005,2020-10-05,10,40,4,2020,0,10,5,4,2020,4,40,Monday,Q4,N,N
280,D20201006,2020-10-06,10,40,4,2020,1,10,6,4,2020,4,40,Tuesday,Q4,N,N
281,D20201007,2020-10-07,10,40,4,2020,2,10,7,4,2020,4,40,Wednesday,Q4,N,N
282,D20201008,2020-10-08,10,40,4,2020,3,10,8,4,2020,4,40,Thursday,Q4,N,N
283,D20201009,2020-10-09,10,40,4,2020,4,10,9,4,2020,4,40,Friday,Q4,N,N
284,D20201010,2020-10-10,10,40,4,2020,5,10,10,4,2020,4,40,Saturday,Q4,Y,Y
285,D20201011,2020-10-11,10,40,4,2020,6,10,11,4,2020,4,40,Sunday,Q4,Y,Y
286,D20201012,2020-10-12,10,41,4,2020,0,10,12,4,2020,4,41,Monday,Q4,N,N
287,D20201013,2020-10-13,10,41,4,2020,1,10,13,4,2020,4,41,Tuesday,Q4,N,N
288,D20201014,2020-10-14,10,41,4,2020,2,10,14,4,2020,4,41,Wednesday,Q4,N,N
289,D20201015,2020-10-15,10,41,4,2020,3,10,15,4,2020,4,41,Thursday,Q4,N,N
290,D20201016,2020-10-16,10,41,4,2020,4,10,16,4,2020,4,41,Friday,Q4,N,N
291,D20201017,2020-10-17,10,41,4,2020,5,10,17,4,2020,4,41,Saturday,Q4,Y,Y
292,D20201018,2020-10-18,10,41,4,2020,6,10,18,4,2020,4,41,Sunday,Q4,Y,Y
293,D20201019,2020-10-19,10,42,4,2020,0,10,19,4,2020,4,42,Monday,Q4,N,N
294,D20201020,2020-10-20,10,42,4,2020,1,10,20,4,2020,4,42,Tuesday,Q4,N,N
295,D20201021,2020-10-21,10,42,4,2020,2,10,21,4,2020,4,42,Wednesday,Q4,N,N
296,D20201022,2020-10-22,10,42,4,2020,3,10,22,4,2020,4,42,Thursday,Q4,N,N
297,D20201023,2020-10-23,10,42,4,2020,4,10,23,4,2020,4,42,Friday,Q4,N,N
298,D20201024,2020-10-24,10,42,4,2020,5,10,24,4,2020,4,42,Saturday,Q4,Y,Y
299,D20201025,2020-10-25,10,42,4,2020,6,10,25,4,2020,4,42,Sunday,Q4,Y,Y
300,D20201026,2020-10-26,10,43,4,2020,0,10,26,4,2020,4,43,Monday,Q4,N,N
301,D20201027,2020-10-27,10,43,4,2020,1,10,27,4,2020,4,43,Tuesday,Q4,N,N
302,D20201028,2020-10-28,10,43,4,2020,2,10,28,4,2020,4,43,Wednesday,Q4,N,N
303,D20201029,2020-10-29,10,43,4,2020,3,10,29,4,2020,4,43,Thursday,Q4,N,N
304,D20201030,2020-10-30,10,43,4,2020,4,10,30,4,2020,4,43,Friday,Q4,N,N
305,D20201031,2020-10-31,10,43,4,2020,5,10,31,4,2020,4,43,Saturday,Q4,Y,Y
306,D20201101,2020-11-01,11,43,4,2020,6,11,1,4,2020,4,43,Sunday,Q4,Y,Y
307,D20201102,2020-11-02,11,44,4,2020,0,11,2,4,2020,4,44,Monday,Q4,N,N
308,D20201103,2020-11-03,11,44,4,2020,1,11,3,4,2020,4,44,Tuesday,Q4,N,N
309,D20201104,2020-11-04,11,44,4,2020,2,11,4,4,2020,4,44,Wednesday,Q4,N,N
310,D20201105,2020-11-05,11,44,4,2020,3,11,5,4,2020,4,44,Thursday,Q4,N,N
311,D20201106,2020-11-06,11,44,4,2020,4,11,6,4,2020,4,44,Friday,Q4,N,N
312,D20201107,2020-11-07,11,44,4,2020,5,11,7,4,2020,4,44,Saturday,Q4,Y,Y
313,D20201108,2020-11-08,11,44,4,2020,6,11,8,4,2020,4,44,Sunday,Q4,Y,Y
314,D20201109,2020-11-09,11,45,4,2020,0,11,9,4,2020,4,45,Monday,Q4,N,N
315,D20201110,2020-11-10,11,45,4,2020,1,11,10,4,2020,4,45,Tuesday,Q4,N,N
316,D20201111,2020-11-11,11,45,4,2020,2,11,11,4,2020,4,45,Wednesday,Q4,N,N
317,D20201112,2020-11-12,11,45,4,2020,3,11,12,4,2020,4,45,Thursday,Q4,N,N
318,D20201113,2020-11-13,11,45,4,2020,4,11,13,4,2020,4,45,Friday,Q4,N,N
319,D20201114,2020-11-14,11,45,4,2020,5,11,14,4,2020,4,45,Saturday,Q4,Y,Y
320,D20201115,2020-11-15,11,45,4,2020,6,11,15,4,2020,4,45,Sunday,Q4,Y,Y
321,D20201116,2020-11-16,11,46,4,2020,0,11,16,4,2020,4,46,Monday,Q4,N,N
322,D20201117,2020-11-17,11,46,4,2020,1,11,17,4,2020,4,46,Tuesday,Q4,N,N
323,D20201118,2020-11-18,11,46,4,2020,2,11,18,4,2020,4,46,Wednesday,Q4,N,N
324,D20201119,2020-11-19,11,46,4,2020,3,11,19,4,2020,4,46,Thursday,Q4,N,N
325,D20201120,2020-11-20,11,46,4,2020,4,11,20,4,2020,4,46,Friday,Q4,N,N
326,D20201121,2020-11-21,11,46,4,2020,5,11,21,4,2020,4,46,Saturday,Q4,Y,Y
327,D20201122,2020-11-22,11,46,4,2020,6,11,22,4,2020,4,46,Sunday,Q4,Y,Y
328,D20201123,2020-11-23,11,47,4,2020,0,11,23,4,2020,4,47,Monday,Q4,N,N
329,D20201124,2020-11-24,11,47,4,2020,1,11,24,4,2020,4,47,Tuesday,Q4,N,N
330,D20201125,2020-11-25,11,47,4,2020,2,11,25,4,2020,4,47,Wednesday,Q4,N,N
331,D20201126,2020-11-26,11,47,4,2020,3,11,26,4,2020,4,47,Thursday,Q4,N,N
332,D20201127,2020-11-27,11,47,4,2020,4,11,27,4,2020,4,47,Friday,Q4,N,N
333,D20201128,2020-11-28,11,47,4,2020,5,11,28,4,2020,4,47,Saturday,Q4,Y,Y
334,D20201129,2020-11-29,11,47,4,2020,6,11,29,4,2020,4,47,Sunday,Q4,Y,Y
335,D20201130,2020-11-30,11,48,4,2020,0,11,30,4,2020,4,48,Monday,Q4,N,N
336,D20201201,2020-12-01,12,48,4,2020,1,12,1,4,2020,4,48,Tuesday,Q4,N,N
337,D20201202,2020-12-02,12,48,4,2020,2,12,2,4,2020,4,48,Wednesday,Q4,N,N
338,D20201203,2020-12-03,12,48,4,2020,3,12,3,4,2020,4,48,Thursday,Q4,N,N
339,D20201204,2020-12-04,12,48,4,2020,4,12,4,4,2020,4,48,Friday,Q4,N,N
340,D20201205,2020-12-05,12,48,4,2020,5,12,5,4,2020,4,48,Saturday,Q4,Y,Y
341,D20201206,2020-12-06,12,48,4,2020,6,12,6,4,2020,4,48,Sunday,Q4,Y,Y
342,D20201207,2020-12-07,12,49,4,2020,0,12,7,4,2020,4,49,Monday,Q4,N,N
343,D20201208,2020-12-08,12,49,4,2020,1,12,8,4,2020,4,49,Tuesday,Q4,N,N
344,D20201209,2020-12-09,12,49,4,2020,2,12,9,4,2020,4,49,Wednesday,Q4,N,N
345,D20201210,2020-12-10,12,49,4,2020,3,12,10,4,2020,4,49,Thursday,Q4,N,N
346,D20201211,2020-12-11,12,49,4,2020,4,12,11,4,2020,4,49,Friday,Q4,N,N
347,D20201212,2020-12-12,12,49,4,2020,5,12,12,4,2020,4,49,Saturday,Q4,Y,Y
348,D20201213,2020-12-13,12,49,4,2020,6,12,13,4,2020,4,49,Sunday,Q4,Y,Y
349,D20201214,2020-12-14,12,50,4,2020,0,12,14,4,2020,4,50,Monday,Q4,N,N
350,D20201215,2020-12-15,12,50,4,2020,1,12,15,4,2020,4,50,Tuesday,Q4,N,N
351,D20201216,2020-12-16,12,50,4,2020,2,12,16,4,2020,4,50,Wednesday,Q4,N,N
352,D20201217,2020-12-17,12,50,4,2020,3,12,17,4,2020,4,50,Thursday,Q4,N,N
353,D20201218,2020-12-18,12,50,4,2020,4,12,18,4,2020,4,50,Friday,Q4,N,N
354,D20201219,2020-12-19,12,50,4,2020,5,12,19,4,2020,4,50,Saturday,Q4,Y,Y
355,D20201220,2020-12-20,12,50,4,2020,6,12,20,4,2020,4,50,Sunday,Q4,Y,Y
356,D20201221,2020-12-21,12,51,4,2020,0,12,21,4,2020,4,51,Monday,Q4,N,N
357,D20201222,2020-12-22,12,51,4,2020,1,12,22,4,2020,4,51,Tuesday,Q4,N,N
358,D20201223,2020-12-23,12,51,4,2020,2,12,23,4,2020,4,51,Wednesday,Q4,N,N
359,D20201224,2020-12-24,12,51,4,2020,3,12,24,4,2020,4,51,Thursday,Q4,N,N
360,D20201225,2020-12-25,12,51,4,2020,4,12,25,4,2020,4,51,Friday,Q4,N,N
361,D20201226,2020-12-26,12,51,4,2020,5,12,26,4,2020,4,51,Saturday,Q4,Y,Y
362,D20201227,2020-12-27,12,51,4,2020,6,12,27,4,2020,4,51,Sunday,Q4,Y,Y
363,D20201228,2020-12-28,12,52,4,2020,0,12,28,4,2020,4,52,Monday,Q4,N,N
364,D20201229,2020-12-29,12,52,4,2020,1,12,29,4,2020,4,52,Tuesday,Q4,N,N
365,D20201230,2020-12-30,12,52,4,2020,2,12,30,4,2020,4,52,Wednesday,Q4,N,N
366,D20201231,2020-12-31,12,52,4,2020,3,12,31,4,2020,4,52,Thursday,Q4,N,N
367,D20210101,2021-01-01,13,0,5,2021,4,1,1,1,2021,5,0,Friday,Q1,N,N
368,D20210102,2021-01-02,13,0,5,2021,5,1,2,1,2021,5,0,Saturday,Q1,Y,Y
369,D20210103,2021-01-03,13,0,5,2021,6,1,3,1,2021,5,0,Sunday,Q1,Y,Y
370,D20210104,2021-01-04,13,1,5,2021,0,1,4,1,2021,5,1,Monday,Q1,N,N
371,D20210105,2021-01-05,13,1,5,2021,1,1,5,1,2021,5,1,Tuesday,Q1,N,N
372,D20210106,2021-01-06,13,1,5,2021,2,1,6,1,2021,5,1,Wednesday,Q1,N,N
373,D20210107,2021-01-07,13,1,5,2021,3,1,7,1,2021,5,1,Thursday,Q1,N,N
374,D20210108,2021-01-08,13,1,5,2021,4,1,8,1,2021,5,1,Friday,Q1,N,N
375,D20210109,2021-01-09,13,1,5,2021,5,1,9,1,2021,5,1,Saturday,Q1,Y,Y
376,D20210110,2021-01-10,13,1,5,2021,6,1,10,1,2021,5,1,Sunday,Q1,Y,Y
377,D20210111,2021-01-11,13,2,5,2021,0,1,11,1,2021,5,2,Monday,Q1,N,N
378,D20210112,2021-01-12,13,2,5,2021,1,1,12,1,2021,5,2,Tuesday,Q1,N,N
379,D20210113,2021-01-13,13,2,5,2021,2,1,13,1,2021,5,2,Wednesday,Q1,N,N
380,D20210114,2021-01-14,13,2,5,2021,3,1,14,1,2021,5,2,Thursday,Q1,N,N
381,D20210115,2021-01-15,13,2,5,2021,4,1,15,1,2021,5,2,Friday,Q1,N,N
382,D20210116,2021-01-16,13,2,5,2021,5,1,16,1,2021,5,2,Saturday,Q1,Y,Y
383,D20210117,2021-01-17,13,2,5,2021,6,1,17,1,2021,5,2,Sunday,Q1,Y,Y
384,D20210118,2021-01-18,13,3,5,2021,0,1,18,1,2021,5,3,Monday,Q1,N,N
385,D20210119,2021-01-19,13,3,5,2021,1,1,19,1,2021,5,3,Tuesday,Q1,N,N
386,D20210120,2021-01-20,13,3,5,2021,2,1,20,1,2021,5,3,Wednesday,Q1,N,N
387,D20210121,2021-01-21,13,3,5,2021,3,1,21,1,2021,5,3,Thursday,Q1,N,N
388,D20210122,2021-01-22,13,3,5,2021,4,1,22,1,2021,5,3,Friday,Q1,N,N
389,D20210123,2021-01-23,13,3,5,2021,5,1,23,1,2021,5,3,Saturday,Q1,Y,Y
390,D20210124,2021-01-24,13,3,5,2021,6,1,24,1,2021,5,3,Sunday,Q1,Y,Y
391,D20210125,2021-01-25,13,4,5,2021,0,1,25,1,2021,5,4,Monday,Q1,N,N
392,D20210126,2021-01-26,13,4,5,2021,1,1,26,1,2021,5,4,Tuesday,Q1,N,N
393,D20210127,2021-01-27,13,4,5,2021,2,1,27,1,2021,5,4,Wednesday,Q1,N,N
394,D20210128,2021-01-28,13,4,5,2021,3,1,28,1,2021,5,4,Thursday,Q1,N,N
395,D20210129,2021-01-29,13,4,5,2021,4,1,29,1,2021,5,4,Friday,Q1,N,N
396,D20210130,2021-01-30,13,4,5,2021,5,1,30,1,2021,5,4,Saturday,Q1,Y,Y
397,D20210131,2021-01-31,13,4,5,2021,6,1,31,1,2021,5,4,Sunday,Q1,Y,Y
398,D20210201,2021-02-01,14,5,5,2021,0,2,1,1,2021,5,5,Monday,Q1,N,N
399,D20210202,2021-02-02,14,5,5,2021,1,2,2,1,2021,5,5,Tuesday,Q1,N,N
400,D20210203,2021-02-03,14,5,5,2021,2,2,3,1,2021,5,5,Wednesday,Q1,N,N
401,D20210204,2021-02-04,14,5,5,2021,3,2,4,1,2021,5,5,Thursday,Q1,N,N
402,D20210205,2021-02-05,14,5,5,2021,4,2,5,1,2021,5,5,Friday,Q1,N,N
403,D20210206,2021-02-06,14,5,5,2021,5,2,6,1,2021,5,5,Saturday,Q1,Y,Y
404,D20210207,2021-02-07,14,5,5,2021,6,2,7,1,2021,5,5,Sunday,Q1,Y,Y
405,D20210208,2021-02-08,14,6,5,2021,0,2,8,1,2021,5,6,Monday,Q1,N,N
406,D20210209,2021-02-09,14,6,5,2021,1,2,9,1,2021,5,6,Tuesday,Q1,N,N
407,D20210210,2021-02-10,14,6,5,2021,2,2,10,1,2021,5,6,Wednesday,Q1,N,N
408,D20210211,2021-02-11,14,6,5,2021,3,2,11,1,2021,5,6,Thursday,Q1,N,N
409,D20210212,2021-02-12,14,6,5,2021,4,2,12,1,2021,5,6,Friday,Q1,N,N
410,D20210213,2021-02-13,14,6,5,2021,5,2,13,1,2021,5,6,Saturday,Q1,Y,Y
411,D20210214,2021-02-14,14,6,5,2021,6,2,14,1,2021,5,6,Sunday,Q1,Y,Y
412,D20210215,2021-02-15,14,7,5,2021,0,2,15,1,2021,5,7,Monday,Q1,N,N
413,D20210216,2021-02-16,14,7,5,2021,1,2,16,1,2021,5,7,Tuesday,Q1,N,N
414,D20210217,2021-02-17,14,7,5,2021,2,2,17,1,2021,5,7,Wednesday,Q1,N,N
415,D20210218,2021-02-18,14,7,5,2021,3,2,18,1,2021,5,7,Thursday,Q1,N,N
416,D20210219,2021-02-19,14,7,5,2021,4,2,19,1,2021,5,7,Friday,Q1,N,N
417,D20210220,2021-02-20,14,7,5,2021,5,2,20,1,2021,5,7,Saturday,Q1,Y,Y
418,D20210221,2021-02-21,14,7,5,2021,6,2,21,1,2021,5,7,Sunday,Q1,Y,Y
419,D20210222,2021-02-22,14,8,5,2021,0,2,22,1,2021,5,8,Monday,Q1,N,N
420,D20210223,2021-02-23,14,8,5,2021,1,2,23,1,2021,5,8,Tuesday,Q1,N,N
421,D20210224,2021-02-24,14,8,5,2021,2,2,24,1,2021,5,8,Wednesday,Q1,N,N
422,D20210225,2021-02-25,14,8,5,2021,3,2,25,1,2021,5,8,Thursday,Q1,N,N
423,D20210226,2021-02-26,14,8,5,2021,4,2,26,1,2021,5,8,Friday,Q1,N,N
424,D20210227,2021-02-27,14,8,5,2021,5,2,27,1,2021,5,8,Saturday,Q1,Y,Y
425,D20210228,2021-02-28,14,8,5,2021,6,2,28,1,2021,5,8,Sunday,Q1,Y,Y
426,D20210301,2021-03-01,15,9,5,2021,0,3,1,1,2021,5,9,Monday,Q1,N,N
427,D20210302,2021-03-02,15,9,5,2021,1,3,2,1,2021,5,9,Tuesday,Q1,N,N
428,D20210303,2021-03-03,15,9,5,2021,2,3,3,1,2021,5,9,Wednesday,Q1,N,N
429,D20210304,2021-03-04,15,9,5,2021,3,3,4,1,2021,5,9,Thursday,Q1,N,N
430,D20210305,2021-03-05,15,9,5,2021,4,3,5,1,2021,5,9,Friday,Q1,N,N
431,D20210306,2021-03-06,15,9,5,2021,5,3,6,1,2021,5,9,Saturday,Q1,Y,Y
432,D20210307,2021-03-07,15,9,5,2021,6,3,7,1,2021,5,9,Sunday,Q1,Y,Y
433,D20210308,2021-03-08,15,10,5,2021,0,3,8,1,2021,5,10,Monday,Q1,N,N
434,D20210309,2021-03-09,15,10,5,2021,1,3,9,1,2021,5,10,Tuesday,Q1,N,N
435,D20210310,2021-03-10,15,10,5,2021,2,3,10,1,2021,5,10,Wednesday,Q1,N,N
436,D20210311,2021-03-11,15,10,5,2021,3,3,11,1,2021,5,10,Thursday,Q1,N,N
437,D20210312,2021-03-12,15,10,5,2021,4,3,12,1,2021,5,10,Friday,Q1,N,N
438,D20210313,2021-03-13,15,10,5,2021,5,3,13,1,2021,5,10,Saturday,Q1,Y,Y
439,D20210314,2021-03-14,15,10,5,2021,6,3,14,1,2021,5,10,Sunday,Q1,Y,Y
440,D20210315,2021-03-15,15,11,5,2021,0,3,15,1,2021,5,11,Monday,Q1,N,N
441,D20210316,2021-03-16,15,11,5,2021,1,3,16,1,2021,5,11,Tuesday,Q1,N,N
442,D20210317,2021-03-17,15,11,5,2021,2,3,17,1,2021,5,11,Wednesday,Q1,N,N
443,D20210318,2021-03-18,15,11,5,2021,3,3,18,1,2021,5,11,Thursday,Q1,N,N
444,D20210319,2021-03-19,15,11,5,2021,4,3,19,1,2021,5,11,Friday,Q1,N,N
445,D20210320,2021-03-20,15,11,5,2021,5,3,20,1,2021,5,11,Saturday,Q1,Y,Y
446,D20210321,2021-03-21,15,11,5,2021,6,3,21,1,2021,5,11,Sunday,Q1,Y,Y
447,D20210322,2021-03-22,15,12,5,2021,0,3,22,1,2021,5,12,Monday,Q1,N,N
448,D20210323,2021-03-23,15,12,5,2021,1,3,23,1,2021,5,12,Tuesday,Q1,N,N
449,D20210324,2021-03-24,15,12,5,2021,2,3,24,1,2021,5,12,Wednesday,Q1,N,N
450,D20210325,2021-03-25,15,12,5,2021,3,3,25,1,2021,5,12,Thursday,Q1,N,N
451,D20210326,2021-03-26,15,12,5,2021,4,3,26,1,2021,5,12,Friday,Q1,N,N
452,D20210327,2021-03-27,15,12,5,2021,5,3,27,1,2021,5,12,Saturday,Q1,Y,Y
453,D20210328,2021-03-28,15,12,5,2021,6,3,28,1,2021,5,12,Sunday,Q1,Y,Y
454,D20210329,2021-03-29,15,13,5,2021,0,3,29,1,2021,5,13,Monday,Q1,N,N
455,D20210330,2021-03-30,15,13,5,2021,1,3,30,1,2021,5,13,Tuesday,Q1,N,N
456,D20210331,2021-03-31,15,13,5,2021,2,3,31,1,2021,5,13,Wednesday,Q1,N,N
457,D20210401,2021-04-01,16,13,6,2021,3,4,1,2,2021,6,13,Thursday,Q2,N,N
458,D20210402,2021-04-02,16,13,6,2021,4,4,2,2,2021,6,13,Friday,Q2,N,N
459,D20210403,2021-04-03,16,13,6,2021,5,4,3,2,2021,6,13,Saturday,Q2,Y,Y
460,D20210404,2021-04-04,16,13,6,2021,6,4,4,2,2021,6,13,Sunday,Q2,Y,Y
461,D20210405,2021-04-05,16,14,6,2021,0,4,5,2,2021,6,14,Monday,Q2,N,N
462,D20210406,2021-04-06,16,14,6,2021,1,4,6,2,2021,6,14,Tuesday,Q2,N,N
463,D20210407,2021-04-07,16,14,6,2021,2,4,7,2,2021,6,14,Wednesday,Q2,N,N
464,D20210408,2021-04-08,16,14,6,2021,3,4,8,2,2021,6,14,Thursday,Q2,N,N
465,D20210409,2021-04-09,16,14,6,2021,4,4,9,2,2021,6,14,Friday,Q2,N,N
466,D20210410,2021-04-10,16,14,6,2021,5,4,10,2,2021,6,14,Saturday,Q2,Y,Y
467,D20210411,2021-04-11,16,14,6,2021,6,4,11,2,2021,6,14,Sunday,Q2,Y,Y
468,D20210412,2021-04-12,16,15,6,2021,0,4,12,2,2021,6,15,Monday,Q2,N,N
469,D20210413,2021-04-13,16,15,6,2021,1,4,13,2,2021,6,15,Tuesday,Q2,N,N
470,D20210414,2021-04-14,16,15,6,2021,2,4,14,2,2021,6,15,Wednesday,Q2,N,N
471,D20210415,2021-04-15,16,15,6,2021,3,4,15,2,2021,6,15,Thursday,Q2,N,N
472,D20210416,2021-04-16,16,15,6,2021,4,4,16,2,2021,6,15,Friday,Q2,N,N
473,D20210417,2021-04-17,16,15,6,2021,5,4,17,2,2021,6,15,Saturday,Q2,Y,Y
474,D20210418,2021-04-18,16,15,6,2021,6,4,18,2,2021,6,15,Sunday,Q2,Y,Y
475,D20210419,2021-04-19,16,16,6,2021,0,4,19,2,2021,6,16,Monday,Q2,N,N
476,D20210420,2021-04-20,16,16,6,2021,1,4,20,2,2021,6,16,Tuesday,Q2,N,N
477,D20210421,2021-04-21,16,16,6,2021,2,4,21,2,2021,6,16,Wednesday,Q2,N,N
478,D20210422,2021-04-22,16,16,6,2021,3,4,22,2,2021,6,16,Thursday,Q2,N,N
479,D20210423,2021-04-23,16,16,6,2021,4,4,23,2,2021,6,16,Friday,Q2,N,N
480,D20210424,2021-04-24,16,16,6,2021,5,4,24,2,2021,6,16,Saturday,Q2,Y,Y
481,D20210425,2021-04-25,16,16,6,2021,6,4,25,2,2021,6,16,Sunday,Q2,Y,Y
482,D20210426,2021-04-26,16,17,6,2021,0,4,26,2,2021,6,17,Monday,Q2,N,N
483,D20210427,2021-04-27,16,17,6,2021,1,4,27,2,2021,6,17,Tuesday,Q2,N,N
484,D20210428,2021-04-28,16,17,6,2021,2,4,28,2,2021,6,17,Wednesday,Q2,N,N
485,D20210429,2021-04-29,16,17,6,2021,3,4,29,2,2021,6,17,Thursday,Q2,N,N
486,D20210430,2021-04-30,16,17,6,2021,4,4,30,2,2021,6,17,Friday,Q2,N,N
487,D20210501,2021-05-01,17,17,6,2021,5,5,1,2,2021,6,17,Saturday,Q2,Y,Y
488,D20210502,2021-05-02,17,17,6,2021,6,5,2,2,2021,6,17,Sunday,Q2,Y,Y
489,D20210503,2021-05-03,17,18,6,2021,0,5,3,2,2021,6,18,Monday,Q2,N,N
490,D20210504,2021-05-04,17,18,6,2021,1,5,4,2,2021,6,18,Tuesday,Q2,N,N
491,D20210505,2021-05-05,17,18,6,2021,2,5,5,2,2021,6,18,Wednesday,Q2,N,N
492,D20210506,2021-05-06,17,18,6,2021,3,5,6,2,2021,6,18,Thursday,Q2,N,N
493,D20210507,2021-05-07,17,18,6,2021,4,5,7,2,2021,6,18,Friday,Q2,N,N
494,D20210508,2021-05-08,17,18,6,2021,5,5,8,2,2021,6,18,Saturday,Q2,Y,Y
495,D20210509,2021-05-09,17,18,6,2021,6,5,9,2,2021,6,18,Sunday,Q2,Y,Y
496,D20210510,2021-05-10,17,19,6,2021,0,5,10,2,2021,6,19,Monday,Q2,N,N
497,D20210511,2021-05-11,17,19,6,2021,1,5,11,2,2021,6,19,Tuesday,Q2,N,N
498,D20210512,2021-05-12,17,19,6,2021,2,5,12,2,2021,6,19,Wednesday,Q2,N,N
499,D20210513,2021-05-13,17,19,6,2021,3,5,13,2,2021,6,19,Thursday,Q2,N,N
500,D20210514,2021-05-14,17,19,6,2021,4,5,14,2,2021,6,19,Friday,Q2,N,N
501,D20210515,2021-05-15,17,19,6,2021,5,5,15,2,2021,6,19,Saturday,Q2,Y,Y
502,D20210516,2021-05-16,17,19,6,2021,6,5,16,2,2021,6,19,Sunday,Q2,Y,Y
503,D20210517,2021-05-17,17,20,6,2021,0,5,17,2,2021,6,20,Monday,Q2,N,N
504,D20210518,2021-05-18,17,20,6,2021,1,5,18,2,2021,6,20,Tuesday,Q2,N,N
505,D20210519,2021-05-19,17,20,6,2021,2,5,19,2,2021,6,20,Wednesday,Q2,N,N
506,D20210520,2021-05-20,17,20,6,2021,3,5,20,2,2021,6,20,Thursday,Q2,N,N
507,D20210521,2021-05-21,17,20,6,2021,4,5,21,2,2021,6,20,Friday,Q2,N,N
508,D20210522,2021-05-22,17,20,6,2021,5,5,22,2,2021,6,20,Saturday,Q2,Y,Y
509,D20210523,2021-05-23,17,20,6,2021,6,5,23,2,2021,6,20,Sunday,Q2,Y,Y
510,D20210524,2021-05-24,17,21,6,2021,0,5,24,2,2021,6,21,Monday,Q2,N,N
511,D20210525,2021-05-25,17,21,6,2021,1,5,25,2,2021,6,21,Tuesday,Q2,N,N
512,D20210526,2021-05-26,17,21,6,2021,2,5,26,2,2021,6,21,Wednesday,Q2,N,N
513,D20210527,2021-05-27,17,21,6,2021,3,5,27,2,2021,6,21,Thursday,Q2,N,N
514,D20210528,2021-05-28,17,21,6,2021,4,5,28,2,2021,6,21,Friday,Q2,N,N
515,D20210529,2021-05-29,17,21,6,2021,5,5,29,2,2021,6,21,Saturday,Q2,Y,Y
516,D20210530,2021-05-30,17,21,6,2021,6,5,30,2,2021,6,21,Sunday,Q2,Y,Y
517,D20210531,2021-05-31,17,22,6,2021,0,5,31,2,2021,6,22,Monday,Q2,N,N
518,D20210601,2021-06-01,18,22,6,2021,1,6,1,2,2021,6,22,Tuesday,Q2,N,N
519,D20210602,2021-06-02,18,22,6,2021,2,6,2,2,2021,6,22,Wednesday,Q2,N,N
520,D20210603,2021-06-03,18,22,6,2021,3,6,3,2,2021,6,22,Thursday,Q2,N,N
521,D20210604,2021-06-04,18,22,6,2021,4,6,4,2,2021,6,22,Friday,Q2,N,N
522,D20210605,2021-06-05,18,22,6,2021,5,6,5,2,2021,6,22,Saturday,Q2,Y,Y
523,D20210606,2021-06-06,18,22,6,2021,6,6,6,2,2021,6,22,Sunday,Q2,Y,Y
524,D20210607,2021-06-07,18,23,6,2021,0,6,7,2,2021,6,23,Monday,Q2,N,N
525,D20210608,2021-06-08,18,23,6,2021,1,6,8,2,2021,6,23,Tuesday,Q2,N,N
526,D20210609,2021-06-09,18,23,6,2021,2,6,9,2,2021,6,23,Wednesday,Q2,N,N
527,D20210610,2021-06-10,18,23,6,2021,3,6,10,2,2021,6,23,Thursday,Q2,N,N
528,D20210611,2021-06-11,18,23,6,2021,4,6,11,2,2021,6,23,Friday,Q2,N,N
529,D20210612,2021-06-12,18,23,6,2021,5,6,12,2,2021,6,23,Saturday,Q2,Y,Y
530,D20210613,2021-06-13,18,23,6,2021,6,6,13,2,2021,6,23,Sunday,Q2,Y,Y
531,D20210614,2021-06-14,18,24,6,2021,0,6,14,2,2021,6,24,Monday,Q2,N,N
532,D20210615,2021-06-15,18,24,6,2021,1,6,15,2,2021,6,24,Tuesday,Q2,N,N
533,D20210616,2021-06-16,18,24,6,2021,2,6,16,2,2021,6,24,Wednesday,Q2,N,N
534,D20210617,2021-06-17,18,24,6,2021,3,6,17,2,2021,6,24,Thursday,Q2,N,N
535,D20210618,2021-06-18,18,24,6,2021,4,6,18,2,2021,6,24,Friday,Q2,N,N
536,D20210619,2021-06-19,18,24,6,2021,5,6,19,2,2021,6,24,Saturday,Q2,Y,Y
537,D20210620,2021-06-20,18,24,6,2021,6,6,20,2,2021,6,24,Sunday,Q2,Y,Y
538,D20210621,2021-06-21,18,25,6,2021,0,6,21,2,2021,6,25,Monday,Q2,N,N
539,D20210622,2021-06-22,18,25,6,2021,1,6,22,2,2021,6,25,Tuesday,Q2,N,N
540,D20210623,2021-06-23,18,25,6,2021,2,6,23,2,2021,6,25,Wednesday,Q2,N,N
541,D20210624,2021-06-24,18,25,6,2021,3,6,24,2,2021,6,25,Thursday,Q2,N,N
542,D20210625,2021-06-25,18,25,6,2021,4,6,25,2,2021,6,25,Friday,Q2,N,N
543,D20210626,2021-06-26,18,25,6,2021,5,6,26,2,2021,6,25,Saturday,Q2,Y,Y
544,D20210627,2021-06-27,18,25,6,2021,6,6,27,2,2021,6,25,Sunday,Q2,Y,Y
545,D20210628,2021-06-28,18,26,6,2021,0,6,28,2,2021,6,26,Monday,Q2,N,N
546,D20210629,2021-06-29,18,26,6,2021,1,6,29,2,2021,6,26,Tuesday,Q2,N,N
547,D20210630,2021-06-30,18,26,6,2021,2,6,30,2,2021,6,26,Wednesday,Q2,N,N
548,D20210701,2021-07-01,19,26,7,2021,3,7,1,3,2021,7,26,Thursday,Q3,N,N
549,D20210702,2021-07-02,19,26,7,2021,4,7,2,3,2021,7,26,Friday,Q3,N,N
550,D20210703,2021-07-03,19,26,7,2021,5,7,3,3,2021,7,26,Saturday,Q3,Y,Y
551,D20210704,2021-07-04,19,26,7,2021,6,7,4,3,2021,7,26,Sunday,Q3,Y,Y
552,D20210705,2021-07-05,19,27,7,2021,0,7,5,3,2021,7,27,Monday,Q3,N,N
553,D20210706,2021-07-06,19,27,7,2021,1,7,6,3,2021,7,27,Tuesday,Q3,N,N
554,D20210707,2021-07-07,19,27,7,2021,2,7,7,3,2021,7,27,Wednesday,Q3,N,N
555,D20210708,2021-07-08,19,27,7,2021,3,7,8,3,2021,7,27,Thursday,Q3,N,N
556,D20210709,2021-07-09,19,27,7,2021,4,7,9,3,2021,7,27,Friday,Q3,N,N
557,D20210710,2021-07-10,19,27,7,2021,5,7,10,3,2021,7,27,Saturday,Q3,Y,Y
558,D20210711,2021-07-11,19,27,7,2021,6,7,11,3,2021,7,27,Sunday,Q3,Y,Y
559,D20210712,2021-07-12,19,28,7,2021,0,7,12,3,2021,7,28,Monday,Q3,N,N
560,D20210713,2021-07-13,19,28,7,2021,1,7,13,3,2021,7,28,Tuesday,Q3,N,N
561,D20210714,2021-07-14,19,28,7,2021,2,7,14,3,2021,7,28,Wednesday,Q3,N,N
562,D20210715,2021-07-15,19,28,7,2021,3,7,15,3,2021,7,28,Thursday,Q3,N,N
563,D20210716,2021-07-16,19,28,7,2021,4,7,16,3,2021,7,28,Friday,Q3,N,N
564,D20210717,2021-07-17,19,28,7,2021,5,7,17,3,2021,7,28,Saturday,Q3,Y,Y
565,D20210718,2021-07-18,19,28,7,2021,6,7,18,3,2021,7,28,Sunday,Q3,Y,Y
566,D20210719,2021-07-19,19,29,7,2021,0,7,19,3,2021,7,29,Monday,Q3,N,N
567,D20210720,2021-07-20,19,29,7,2021,1,7,20,3,2021,7,29,Tuesday,Q3,N,N
568,D20210721,2021-07-21,19,29,7,2021,2,7,21,3,2021,7,29,Wednesday,Q3,N,N
569,D20210722,2021-07-22,19,29,7,2021,3,7,22,3,2021,7,29,Thursday,Q3,N,N
570,D20210723,2021-07-23,19,29,7,2021,4,7,23,3,2021,7,29,Friday,Q3,N,N
571,D20210724,2021-07-24,19,29,7,2021,5,7,24,3,2021,7,29,Saturday,Q3,Y,Y
572,D20210725,2021-07-25,19,29,7,2021,6,7,25,3,2021,7,29,Sunday,Q3,Y,Y
573,D20210726,2021-07-26,19,30,7,2021,0,7,26,3,2021,7,30,Monday,Q3,N,N
574,D20210727,2021-07-27,19,30,7,2021,1,7,27,3,2021,7,30,Tuesday,Q3,N,N
575,D20210728,2021-07-28,19,30,7,2021,2,7,28,3,2021,7,30,Wednesday,Q3,N,N
576,D20210729,2021-07-29,19,30,7,2021,3,7,29,3,2021,7,30,Thursday,Q3,N,N
577,D20210730,2021-07-30,19,30,7,2021,4,7,30,3,2021,7,30,Friday,Q3,N,N
578,D20210731,2021-07-31,19,30,7,2021,5,7,31,3,2021,7,30,Saturday,Q3,Y,Y
579,D20210801,2021-08-01,20,30,7,2021,6,8,1,3,2021,7,30,Sunday,Q3,Y,Y
580,D20210802,2021-08-02,20,31,7,2021,0,8,2,3,2021,7,31,Monday,Q3,N,N
581,D20210803,2021-08-03,20,31,7,2021,1,8,3,3,2021,7,31,Tuesday,Q3,N,N
582,D20210804,2021-08-04,20,31,7,2021,2,8,4,3,2021,7,31,Wednesday,Q3,N,N
583,D20210805,2021-08-05,20,31,7,2021,3,8,5,3,2021,7,31,Thursday,Q3,N,N
584,D20210806,2021-08-06,20,31,7,2021,4,8,6,3,2021,7,31,Friday,Q3,N,N
585,D20210807,2021-08-07,20,31,7,2021,5,8,7,3,2021,7,31,Saturday,Q3,Y,Y
586,D20210808,2021-08-08,20,31,7,2021,6,8,8,3,2021,7,31,Sunday,Q3,Y,Y
587,D20210809,2021-08-09,20,32,7,2021,0,8,9,3,2021,7,32,Monday,Q3,N,N
588,D20210810,2021-08-10,20,32,7,2021,1,8,10,3,2021,7,32,Tuesday,Q3,N,N
589,D20210811,2021-08-11,20,32,7,2021,2,8,11,3,2021,7,32,Wednesday,Q3,N,N
590,D20210812,2021-08-12,20,32,7,2021,3,8,12,3,2021,7,32,Thursday,Q3,N,N
591,D20210813,2021-08-13,20,32,7,2021,4,8,13,3,2021,7,32,Friday,Q3,N,N
592,D20210814,2021-08-14,20,32,7,2021,5,8,14,3,2021,7,32,Saturday,Q3,Y,Y
593,D20210815,2021-08-15,20,32,7,2021,6,8,15,3,2021,7,32,Sunday,Q3,Y,Y
594,D20210816,2021-08-16,20,33,7,2021,0,8,16,3,2021,7,33,Monday,Q3,N,N
595,D20210817,2021-08-17,20,33,7,2021,1,8,17,3,2021,7,33,Tuesday,Q3,N,N
596,D20210818,2021-08-18,20,33,7,2021,2,8,18,3,2021,7,33,Wednesday,Q3,N,N
597,D20210819,2021-08-19,20,33,7,2021,3,8,19,3,2021,7,33,Thursday,Q3,N,N
598,D20210820,2021-08-20,20,33,7,2021,4,8,20,3,2021,7,33,Friday,Q3,N,N
599,D20210821,2021-08-21,20,33,7,2021,5,8,21,3,2021,7,33,Saturday,Q3,Y,Y
600,D20210822,2021-08-22,20,33,7,2021,6,8,22,3,2021,7,33,Sunday,Q3,Y,Y
601,D20210823,2021-08-23,20,34,7,2021,0,8,23,3,2021,7,34,Monday,Q3,N,N
602,D20210824,2021-08-24,20,34,7,2021,1,8,24,3,2021,7,34,Tuesday,Q3,N,N
603,D20210825,2021-08-25,20,34,7,2021,2,8,25,3,2021,7,34,Wednesday,Q3,N,N
604,D20210826,2021-08-26,20,34,7,2021,3,8,26,3,2021,7,34,Thursday,Q3,N,N
605,D20210827,2021-08-27,20,34,7,2021,4,8,27,3,2021,7,34,Friday,Q3,N,N
606,D20210828,2021-08-28,20,34,7,2021,5,8,28,3,2021,7,34,Saturday,Q3,Y,Y
607,D20210829,2021-08-29,20,34,7,2021,6,8,29,3,2021,7,34,Sunday,Q3,Y,Y
608,D20210830,2021-08-30,20,35,7,2021,0,8,30,3,2021,7,35,Monday,Q3,N,N
609,D20210831,2021-08-31,20,35,7,2021,1,8,31,3,2021,7,35,Tuesday,Q3,N,N
610,D20210901,2021-09-01,21,35,7,2021,2,9,1,3,2021,7,35,Wednesday,Q3,N,N
611,D20210902,2021-09-02,21,35,7,2021,3,9,2,3,2021,7,35,Thursday,Q3,N,N
612,D20210903,2021-09-03,21,35,7,2021,4,9,3,3,2021,7,35,Friday,Q3,N,N
613,D20210904,2021-09-04,21,35,7,2021,5,9,4,3,2021,7,35,Saturday,Q3,Y,Y
614,D20210905,2021-09-05,21,35,7,2021,6,9,5,3,2021,7,35,Sunday,Q3,Y,Y
615,D20210906,2021-09-06,21,36,7,2021,0,9,6,3,2021,7,36,Monday,Q3,N,N
616,D20210907,2021-09-07,21,36,7,2021,1,9,7,3,2021,7,36,Tuesday,Q3,N,N
617,D20210908,2021-09-08,21,36,7,2021,2,9,8,3,2021,7,36,Wednesday,Q3,N,N
618,D20210909,2021-09-09,21,36,7,2021,3,9,9,3,2021,7,36,Thursday,Q3,N,N
619,D20210910,2021-09-10,21,36,7,2021,4,9,10,3,2021,7,36,Friday,Q3,N,N
620,D20210911,2021-09-11,21,36,7,2021,5,9,11,3,2021,7,36,Saturday,Q3,Y,Y
621,D20210912,2021-09-12,21,36,7,2021,6,9,12,3,2021,7,36,Sunday,Q3,Y,Y
622,D20210913,2021-09-13,21,37,7,2021,0,9,13,3,2021,7,37,Monday,Q3,N,N
623,D20210914,2021-09-14,21,37,7,2021,1,9,14,3,2021,7,37,Tuesday,Q3,N,N
624,D20210915,2021-09-15,21,37,7,2021,2,9,15,3,2021,7,37,Wednesday,Q3,N,N
625,D20210916,2021-09-16,21,37,7,2021,3,9,16,3,2021,7,37,Thursday,Q3,N,N
626,D20210917,2021-09-17,21,37,7,2021,4,9,17,3,2021,7,37,Friday,Q3,N,N
627,D20210918,2021-09-18,21,37,7,2021,5,9,18,3,2021,7,37,Saturday,Q3,Y,Y
628,D20210919,2021-09-19,21,37,7,2021,6,9,19,3,2021,7,37,Sunday,Q3,Y,Y
629,D20210920,2021-09-20,21,38,7,2021,0,9,20,3,2021,7,38,Monday,Q3,N,N
630,D20210921,2021-09-21,21,38,7,2021,1,9,21,3,2021,7,38,Tuesday,Q3,N,N
631,D20210922,2021-09-22,21,38,7,2021,2,9,22,3,2021,7,38,Wednesday,Q3,N,N
632,D20210923,2021-09-23,21,38,7,2021,3,9,23,3,2021,7,38,Thursday,Q3,N,N
633,D20210924,2021-09-24,21,38,7,2021,4,9,24,3,2021,7,38,Friday,Q3,N,N
634,D20210925,2021-09-25,21,38,7,2021,5,9,25,3,2021,7,38,Saturday,Q3,Y,Y
635,D20210926,2021-09-26,21,38,7,2021,6,9,26,3,2021,7,38,Sunday,Q3,Y,Y
636,D20210927,2021-09-27,21,39,7,2021,0,9,27,3,2021,7,39,Monday,Q3,N,N
637,D20210928,2021-09-28,21,39,7,2021,1,9,28,3,2021,7,39,Tuesday,Q3,N,N
638,D20210929,2021-09-29,21,39,7,2021,2,9,29,3,2021,7,39,Wednesday,Q3,N,N
639,D20210930,2021-09-30,21,39,7,2021,3,9,30,3,2021,7,39,Thursday,Q3,N,N
640,D20211001,2021-10-01,22,39,8,2021,4,10,1,4,2021,8,39,Friday,Q4,N,N
641,D20211002,2021-10-02,22,39,8,2021,5,10,2,4,2021,8,39,Saturday,Q4,Y,Y
642,D20211003,2021-10-03,22,39,8,2021,6,10,3,4,2021,8,39,Sunday,Q4,Y,Y
643,D20211004,2021-10-04,22,40,8,2021,0,10,4,4,2021,8,40,Monday,Q4,N,N
644,D20211005,2021-10-05,22,40,8,2021,1,10,5,4,2021,8,40,Tuesday,Q4,N,N
645,D20211006,2021-10-06,22,40,8,2021,2,10,6,4,2021,8,40,Wednesday,Q4,N,N
646,D20211007,2021-10-07,22,40,8,2021,3,10,7,4,2021,8,40,Thursday,Q4,N,N
647,D20211008,2021-10-08,22,40,8,2021,4,10,8,4,2021,8,40,Friday,Q4,N,N
648,D20211009,2021-10-09,22,40,8,2021,5,10,9,4,2021,8,40,Saturday,Q4,Y,Y
649,D20211010,2021-10-10,22,40,8,2021,6,10,10,4,2021,8,40,Sunday,Q4,Y,Y
650,D20211011,2021-10-11,22,41,8,2021,0,10,11,4,2021,8,41,Monday,Q4,N,N
651,D20211012,2021-10-12,22,41,8,2021,1,10,12,4,2021,8,41,Tuesday,Q4,N,N
652,D20211013,2021-10-13,22,41,8,2021,2,10,13,4,2021,8,41,Wednesday,Q4,N,N
653,D20211014,2021-10-14,22,41,8,2021,3,10,14,4,2021,8,41,Thursday,Q4,N,N
654,D20211015,2021-10-15,22,41,8,2021,4,10,15,4,2021,8,41,Friday,Q4,N,N
655,D20211016,2021-10-16,22,41,8,2021,5,10,16,4,2021,8,41,Saturday,Q4,Y,Y
656,D20211017,2021-10-17,22,41,8,2021,6,10,17,4,2021,8,41,Sunday,Q4,Y,Y
657,D20211018,2021-10-18,22,42,8,2021,0,10,18,4,2021,8,42,Monday,Q4,N,N
658,D20211019,2021-10-19,22,42,8,2021,1,10,19,4,2021,8,42,Tuesday,Q4,N,N
659,D20211020,2021-10-20,22,42,8,2021,2,10,20,4,2021,8,42,Wednesday,Q4,N,N
660,D20211021,2021-10-21,22,42,8,2021,3,10,21,4,2021,8,42,Thursday,Q4,N,N
661,D20211022,2021-10-22,22,42,8,2021,4,10,22,4,2021,8,42,Friday,Q4,N,N
662,D20211023,2021-10-23,22,42,8,2021,5,10,23,4,2021,8,42,Saturday,Q4,Y,Y
663,D20211024,2021-10-24,22,42,8,2021,6,10,24,4,2021,8,42,Sunday,Q4,Y,Y
664,D20211025,2021-10-25,22,43,8,2021,0,10,25,4,2021,8,43,Monday,Q4,N,N
665,D20211026,2021-10-26,22,43,8,2021,1,10,26,4,2021,8,43,Tuesday,Q4,N,N
666,D20211027,2021-10-27,22,43,8,2021,2,10,27,4,2021,8,43,Wednesday,Q4,N,N
667,D20211028,2021-10-28,22,43,8,2021,3,10,28,4,2021,8,43,Thursday,Q4,N,N
668,D20211029,2021-10-29,22,43,8,2021,4,10,29,4,2021,8,43,Friday,Q4,N,N
669,D20211030,2021-10-30,22,43,8,2021,5,10,30,4,2021,8,43,Saturday,Q4,Y,Y
670,D20211031,2021-10-31,22,43,8,2021,6,10,31,4,2021,8,43,Sunday,Q4,Y,Y
671,D20211101,2021-11-01,23,44,8,2021,0,11,1,4,2021,8,44,Monday,Q4,N,N
672,D20211102,2021-11-02,23,44,8,2021,1,11,2,4,2021,8,44,Tuesday,Q4,N,N
673,D20211103,2021-11-03,23,44,8,2021,2,11,3,4,2021,8,44,Wednesday,Q4,N,N
674,D20211104,2021-11-04,23,44,8,2021,3,11,4,4,2021,8,44,Thursday,Q4,N,N
675,D20211105,2021-11-05,23,44,8,2021,4,11,5,4,2021,8,44,Friday,Q4,N,N
676,D20211106,2021-11-06,23,44,8,2021,5,11,6,4,2021,8,44,Saturday,Q4,Y,Y
677,D20211107,2021-11-07,23,44,8,2021,6,11,7,4,2021,8,44,Sunday,Q4,Y,Y
678,D20211108,2021-11-08,23,45,8,2021,0,11,8,4,2021,8,45,Monday,Q4,N,N
679,D20211109,2021-11-09,23,45,8,2021,1,11,9,4,2021,8,45,Tuesday,Q4,N,N
680,D20211110,2021-11-10,23,45,8,2021,2,11,10,4,2021,8,45,Wednesday,Q4,N,N
681,D20211111,2021-11-11,23,45,8,2021,3,11,11,4,2021,8,45,Thursday,Q4,N,N
682,D20211112,2021-11-12,23,45,8,2021,4,11,12,4,2021,8,45,Friday,Q4,N,N
683,D20211113,2021-11-13,23,45,8,2021,5,11,13,4,2021,8,45,Saturday,Q4,Y,Y
684,D20211114,2021-11-14,23,45,8,2021,6,11,14,4,2021,8,45,Sunday,Q4,Y,Y
685,D20211115,2021-11-15,23,46,8,2021,0,11,15,4,2021,8,46,Monday,Q4,N,N
686,D20211116,2021-11-16,23,46,8,2021,1,11,16,4,2021,8,46,Tuesday,Q4,N,N
687,D20211117,2021-11-17,23,46,8,2021,2,11,17,4,2021,8,46,Wednesday,Q4,N,N
688,D20211118,2021-11-18,23,46,8,2021,3,11,18,4,2021,8,46,Thursday,Q4,N,N
689,D20211119,2021-11-19,23,46,8,2021,4,11,19,4,2021,8,46,Friday,Q4,N,N
690,D20211120,2021-11-20,23,46,8,2021,5,11,20,4,2021,8,46,Saturday,Q4,Y,Y
691,D20211121,2021-11-21,23,46,8,2021,6,11,21,4,2021,8,46,Sunday,Q4,Y,Y
692,D20211122,2021-11-22,23,47,8,2021,0,11,22,4,2021,8,47,Monday,Q4,N,N
693,D20211123,2021-11-23,23,47,8,2021,1,11,23,4,2021,8,47,Tuesday,Q4,N,N
694,D20211124,2021-11-24,23,47,8,2021,2,11,24,4,2021,8,47,Wednesday,Q4,N,N
695,D20211125,2021-11-25,23,47,8,2021,3,11,25,4,2021,8,47,Thursday,Q4,N,N
696,D20211126,2021-11-26,23,47,8,2021,4,11,26,4,2021,8,47,Friday,Q4,N,N
697,D20211127,2021-11-27,23,47,8,2021,5,11,27,4,2021,8,47,Saturday,Q4,Y,Y
698,D20211128,2021-11-28,23,47,8,2021,6,11,28,4,2021,8,47,Sunday,Q4,Y,Y
699,D20211129,2021-11-29,23,48,8,2021,0,11,29,4,2021,8,48,Monday,Q4,N,N
700,D20211130,2021-11-30,23,48,8,2021,1,11,30,4,2021,8,48,Tuesday,Q4,N,N
701,D20211201,2021-12-01,24,48,8,2021,2,12,1,4,2021,8,48,Wednesday,Q4,N,N
702,D20211202,2021-12-02,24,48,8,2021,3,12,2,4,2021,8,48,Thursday,Q4,N,N
703,D20211203,2021-12-03,24,48,8,2021,4,12,3,4,2021,8,48,Friday,Q4,N,N
704,D20211204,2021-12-04,24,48,8,2021,5,12,4,4,2021,8,48,Saturday,Q4,Y,Y
705,D20211205,2021-12-05,24,48,8,2021,6,12,5,4,2021,8,48,Sunday,Q4,Y,Y
706,D20211206,2021-12-06,24,49,8,2021,0,12,6,4,2021,8,49,Monday,Q4,N,N
707,D20211207,2021-12-07,24,49,8,2021,1,12,7,4,2021,8,49,Tuesday,Q4,N,N
708,D20211208,2021-12-08,24,49,8,2021,2,12,8,4,2021,8,49,Wednesday,Q4,N,N
709,D20211209,2021-12-09,24,49,8,2021,3,12,9,4,2021,8,49,Thursday,Q4,N,N
710,D20211210,2021-12-10,24,49,8,2021,4,12,10,4,2021,8,49,Friday,Q4,N,N
711,D20211211,2021-12-11,24,49,8,2021,5,12,11,4,2021,8,49,Saturday,Q4,Y,Y
712,D20211212,2021-12-12,24,49,8,2021,6,12,12,4,2021,8,49,Sunday,Q4,Y,Y
713,D20211213,2021-12-13,24,50,8,2021,0,12,13,4,2021,8,50,Monday,Q4,N,N
714,D20211214,2021-12-14,24,50,8,2021,1,12,14,4,2021,8,50,Tuesday,Q4,N,N
715,D20211215,2021-12-15,24,50,8,2021,2,12,15,4,2021,8,50,Wednesday,Q4,N,N
716,D20211216,2021-12-16,24,50,8,2021,3,12,16,4,2021,8,50,Thursday,Q4,N,N
717,D20211217,2021-12-17,24,50,8,2021,4,12,17,4,2021,8,50,Friday,Q4,N,N
718,D20211218,2021-12-18,24,50,8,2021,5,12,18,4,2021,8,50,Saturday,Q4,Y,Y
719,D20211219,2021-12-19,24,50,8,2021,6,12,19,4,2021,8,50,Sunday,Q4,Y,Y
720,D20211220,2021-12-20,24,51,8,2021,0,12,20,4,2021,8,51,Monday,Q4,N,N
721,D20211221,2021-12-21,24,51,8,2021,1,12,21,4,2021,8,51,Tuesday,Q4,N,N
722,D20211222,2021-12-22,24,51,8,2021,2,12,22,4,2021,8,51,Wednesday,Q4,N,N
723,D20211223,2021-12-23,24,51,8,2021,3,12,23,4,2021,8,51,Thursday,Q4,N,N
724,D20211224,2021-12-24,24,51,8,2021,4,12,24,4,2021,8,51,Friday,Q4,N,N
725,D20211225,2021-12-25,24,51,8,2021,5,12,25,4,2021,8,51,Saturday,Q4,Y,Y
726,D20211226,2021-12-26,24,51,8,2021,6,12,26,4,2021,8,51,Sunday,Q4,Y,Y
727,D20211227,2021-12-27,24,52,8,2021,0,12,27,4,2021,8,52,Monday,Q4,N,N
728,D20211228,2021-12-28,24,52,8,2021,1,12,28,4,2021,8,52,Tuesday,Q4,N,N
729,D20211229,2021-12-29,24,52,8,2021,2,12,29,4,2021,8,52,Wednesday,Q4,N,N
730,D20211230,2021-12-30,24,52,8,2021,3,12,30,4,2021,8,52,Thursday,Q4,N,N
